camilop024@gmail.com,Carlitos20,camilo,andres,Usuario
gabriel@gmail.com,Gabriel20,gabriel,cardona,Usuario
pedro@gmail.com,Pedro2020,pedro,perez,Usuario
pedro@gmail.com,Pedro2020,pedro,perez,Usuario
juanita@gmail.com,Juanita2020,Juanita,marin,Usuariojuansito@gmail.com,Juansito2020,juansito,marin,Usuario
gerito@gmail.com,Gerito2020,gerito,marin,Usuario
mateo@gmail.com,Mateo2020,mateo,marin,Usuariomatasanos@gmail.com,Matasanos2020,matasanos,marin,Usuariopablo@gmail.com,Pablo123,pablo,contreras,Usuario